strategy,ctr_increase,engagement_increase,website_visits_increase,traffic_increase,clicks_increase,conversion_increase,engaged_visitors_increase,conversions_increase,repeat_visits_increase,long_term_visitors_increase
Problem-Solution Hook,89%,,,,,,,,,
Behind-the-Scenes Exclusivity,,156%,,,,,,,,
Quick Tip Cliffhanger,,,234%,,,,,,,
Before/After Transformation,,,,278%,,,,,,
Trending Topic Commentary,,,,,189%,,,,,
Tutorial Teaser,,,,,,312%,,,,
Myth-Busting Revelations,,,,,,,167%,,,
Resource List Preview,,,,223%,,,,,,
Success Story Spotlight,,,,,,,,245%,,
Interactive Challenge,,,,,,,,,198%,
Exclusive Discount Reveal,356%,,,,,,,,,
Community Building,,,,,,,,,,289%
